Age;1806;1807;1808;1809;1810;1811;1812;1813;1814;1815;1816;1817;1818;1819;1820;1821;1822;1823;1824;1825;1826;1827;1828;1829;1830;1831;1832;1833;1834;1835;1836;1837;1838;1839;1840;1841;1842;1843;1844;1845;1846;1847;1848;1849;1850;1851;1852;1853;1854;1855;1856;1857;1858;1859;1860;1861;1862;1863;1864;1865;1866;1867;1868;1869;1870;1871;1872;1873;1874;1875;1876;1877;1878;1879;1880;1881;1882;1883;1884;1885;1886;1887;1888;1889;1890;1891;1892;1893;1894;1895;1896;1897;1898;1899;1900;1901;1902;1903;1904;1905;1906;1907;1908;1909;1910;1911;1912;1913;1914;1915;1916;1917;1918;1919;1920;1921;1922;1923;1924;1925;1926;1927;1928;1929;1930;1931;1932;1933;1934;1935;1936;1937;1938;1939;1940;1941;1942;1943;1944;1945;1946;1947;1948;1949;1950;1951;1952;1953;1954;1955;1956;1957;1958;1959;1960;1961;1962;1963;1964;1965;1966;1967;1968;1969;1970;1971;1972;1973;1974;1975;1976;1977;1978;1979;1980;1981;1982;1983;1984;1985;1986;1987;1988;1989;1990;1991;1992;1993;1994;1995;1996;1997;1998;1999;2000;2001;2002;2003;2004;2005;2006;2007;2008;2009;2010;2011;2012;2013;2014;2015
0;0.29992;0.31379;0.29796;0.29841;0.28927;0.30164;0.27758;0.28726;0.29999;0.29152;0.26356;0.27884;0.28959;0.30156;0.28095;0.28703;0.30391;0.27519;0.29383;0.30633;0.30501;0.27666;0.30419;0.27267;0.27839;0.27958;0.29221;0.27663;0.32829;0.26924;0.25447;0.26927;0.28053;0.25962;0.25754;0.26129;0.26386;0.26129;0.24356;0.2327;0.27059;0.25253;0.25544;0.29161;0.23119;0.25725;0.25819;0.23393;0.29141;0.27377;0.26593;0.27889;0.27214;0.33911;0.23836;0.2915;0.25135;0.26838;0.25611;0.28282;0.25102;0.2575;0.2819;0.26107;0.29588;0.3458;0.23891;0.25941;0.23448;0.24934;0.24039;0.23095;0.2423;0.22548;0.25447;0.23915;0.23647;0.23509;0.2486;0.23381;0.24689;0.23394;0.23045;0.21768;0.24579;0.22726;0.23924;0.23337;0.21244;0.22526;0.19783;0.19644;0.21581;0.21751;0.20749;0.18965;0.18258;0.1804;0.18736;0.17503;0.18539;0.17082;0.16732;0.1543;0.14913;0.1924;0.14471;0.15092;0.14373;0.15079;0.16359;0.16938;0.20789;0.17608;0.14871;0.14188;0.10813;0.12236;0.10761;0.1153;0.12317;0.10874;0.1155;0.11852;0.09959;0.09489;0.09579;0.09125;0.08723;0.08254;0.08288;0.08081;0.08015;0.07653;0.10199;0.08932;0.08606;0.0913;0.09307;0.12348;0.08408;0.07303;0.05692;0.0622;0.05235;0.05181;0.04786;0.04223;0.04167;0.03962;0.03624;0.03481;0.03229;0.03027;0.02756;0.02615;0.02583;0.02567;0.02355;0.02197;0.02137;0.02073;0.0207;0.0198;0.0185;0.01761;0.01639;0.01586;0.01508;0.01412;0.01305;0.01208;0.01129;0.01069;0.01067;0.01025;0.0099;0.00978;0.00902;0.00877;0.00862;0.00799;0.00821;0.00788;0.00752;0.00758;0.00683;0.00652;0.00608;0.00549;0.00511;0.00517;0.00482;0.00479;0.00472;0.00461;0.00438;0.00419;0.00404;0.00389;0.00393;0.00391;0.00393;0.00383;0.00409;0.00372;0.00373;0.00377;0.00376;0.00387
5;0.0595074848588733;0.0610163069614258;0.0577459973790667;0.0554312347667441;0.0548872286240907;0.0585085056417893;0.0546219650618754;0.0588994584280383;0.0656419194011514;0.0596911698283649;0.0497528651349737;0.0525264851073271;0.0569952562604693;0.0641143118950805;0.0574647103817537;0.0571552800258075;0.0567168038615696;0.0551454864033333;0.0548734723933331;0.0583851110758718;0.0624181642901337;0.0546077916332568;0.0589959902847042;0.0532220587628724;0.0523967239921841;0.0543849421170984;0.0671950719846282;0.0590707383496689;0.066323264504027;0.0535606765559144;0.045001542526793;0.0482941715818428;0.0514962402879898;0.0494205678165267;0.0528243945801794;0.0520637327232608;0.0513760969380824;0.0498842576924639;0.0453704193326635;0.042890655545419;0.0458452722063037;0.0468112432605991;0.0491296873321156;0.0606022106466777;0.0435478206578999;0.0475395489734096;0.0473706205092948;0.0413017087211351;0.0516659845608885;0.0512234416094075;0.0476929993052434;0.048050921496027;0.0503943065974226;0.0595863154231415;0.041752008823066;0.0421453775582216;0.0388699659386896;0.036207320740275;0.0354756751670274;0.0387908195989849;0.038839488370851;0.0352323232323232;0.0390335607854059;0.039083539712828;0.0464409475657558;0.0666004280036686;0.0381558028616852;0.0365654410672572;0.0315994356777093;0.0329176990914662;0.0317663011282105;0.0314934009492231;0.0316088161541507;0.0314130041832361;0.0344452939519536;0.035526056384307;0.0366062892093303;0.0342916160071119;0.0349880223582646;0.0317023192680667;0.0315757326286997;0.0311594392084171;0.0297186667532974;0.0270221904080172;0.0298723167287625;0.0291689313352486;0.0278011462221989;0.0280448195348473;0.0261821321550104;0.0229883573844128;0.0224765324058491;0.0221265369107472;0.0227495887476249;0.0248693274035451;0.0247315491287176;0.0238292096007898;0.0221061388270412;0.0219497315763787;0.0198611931482575;0.0200007272991745;0.020107781637839;0.0193082322294315;0.0179780948263439;0.0176067163296677;0.016148177747482;0.0165552253590887;0.0166960913842089;0.0161704433033401;0.0161164118794306;0.0196064577666302;0.017718582991595;0.0177096626616263;0.0299453358750679;0.0185333527526944;0.0166218327479472;0.0143802731552697;0.0116160426968056;0.0117018367439953;0.0107464225282668;0.0120040691759919;0.0122372637797521;0.0112088503915805;0.0116336913510458;0.012161364977084;0.0104841127930609;0.0102749941996;0.00995344001946451;0.00960660247592847;0.0092684904192732;0.00846903407233013;0.00806873691556176;0.00772419195160957;0.00780562048160026;0.00708198425503806;0.00927606596808499;0.0079281416084684;0.00768102938923781;0.0108286563222186;0.0148523039264331;0.00958335234792133;0.00581928552712027;0.00454167880298176;0.00355219069432074;0.00345489443378119;0.00282804833007967;0.00266824159714825;0.00227907660638141;0.00219259321131378;0.00194087631609153;0.00185343301609779;0.00185730887357848;0.00194780302323895;0.0017877256616135;0.00200055685603209;0.00166591254987454;0.00160188940801972;0.00165268895572641;0.0017242618004167;0.0015669005069384;0.00154391992065683;0.00160428353923342;0.00152154155646553;0.00161339732461963;0.0016833299326668;0.00160978094752929;0.00163886033041867;0.00168766075985401;0.00162578494929583;0.00151281322340901;0.00137947823264495;0.00142864380161102;0.00138675196372176;0.0013553013522671;0.0013544793846216;0.0012735891967291;0.00127304874968426;0.00122209877790122;0.00118155561390398;0.00106964822700761;0.00104920149712983;0.000988521051463616;0.000997973810747876;0.000857036267758296;0.000886989477079386;0.000806061583104949;0.00084641583200661;0.000825639115156519;0.000764987719933969;0.000724404378622022;0.000653588199213683;0.00063323583511745;0.000552858277293608;0.000582809140055065;0.00054259904944685;0.000522466039707419;0.000512361988768222;0.000492155641710693;0.000441851357186612;0.00042170368287883;0.00043167923221331;0.000421657112451936;0.000421648646206668;0.000391538747276798;0.000381460995613199;0.000421724854655541;0.000381418878227004;0.000371385267046082;0.000371400178673599;0.000341283224925721;0.00032124321122745
10;0.0299808632787582;0.0300617686314679;0.0281481481481481;0.0268447261204165;0.0271392842255702;0.0305095057034221;0.0282886259810238;0.0290715009839585;0.0323059046570651;0.0300064546150498;0.02710774507002;0.0289193302891933;0.0306753045139718;0.0326316433619925;0.0298201348619657;0.0284876974799917;0.0305051704969464;0.0289556684773086;0.0285577297653651;0.0314007073196871;0.0349135218919292;0.0316009592887225;0.0315382735658867;0.029246899596294;0.0291459491079263;0.0296371322881804;0.0348060524362722;0.0318964503996239;0.0365935327508132;0.0302478239495677;0.0264052361021377;0.0294633613252042;0.0302892646757129;0.0300373691015786;0.0319521073886582;0.0303605855051767;0.0308597777523199;0.0298635055424159;0.0273777211543788;0.0274105039556639;0.030446714657241;0.0303447114304963;0.0302409672589621;0.0359150061611517;0.0261243251329335;0.0277479362207396;0.0290659006325442;0.0296556513214329;0.0360725021578023;0.0354266142257957;0.0318713701255972;0.0325874777845759;0.0313521803292919;0.0357033676047047;0.0271703387043736;0.0286749970529294;0.0273504273504274;0.0259242976472424;0.024794425087108;0.027460252988279;0.026198446984956;0.0227964374459056;0.0245627255205994;0.0245616505879868;0.0311131631467636;0.0441019930235986;0.0252305170411857;0.0259702036411543;0.0223652084766568;0.0228390385012742;0.0226246804807745;0.0219781695151914;0.0215059625212947;0.0215412095602447;0.0221573939015073;0.0229075250061323;0.0235596400119634;0.0229598743704987;0.0234171367102922;0.0217414745922631;0.0236381336294956;0.0237136043331222;0.0216022928161997;0.0198113455424473;0.0204870981849989;0.020634497467342;0.019050580711456;0.0189362929958531;0.0178631965994732;0.0172671184918024;0.0166424362996404;0.0165567970678816;0.0169374306778887;0.0183741137307838;0.0184368167056967;0.0173695388349515;0.0170263338962907;0.0166040842803857;0.0160954174513497;0.0161787079297933;0.0157723964270949;0.0157900561998106;0.0140881241515941;0.0140344964552665;0.0133312627668343;0.0144416604761845;0.0134243350257429;0.0134075537199976;0.0138046458627607;0.0162150475641395;0.0153239450334108;0.0155531860131632;0.0287614362498211;0.0169418166079268;0.0135102850180376;0.0121189907540968;0.0110492223570918;0.0109411208596101;0.0107159039420027;0.0107541643785466;0.0109687103105877;0.0104281321274978;0.0104208370986376;0.00994533510955947;0.00945037431114403;0.00926535760931448;0.00883591559522347;0.00818870691762405;0.00795081332728821;0.00755202321670019;0.00713406322824605;0.00698395991623634;0.00671655691542398;0.00606371260619677;0.00776683751461199;0.00686250636442122;0.00674811449741984;0.00967892664041119;0.0146956774785665;0.00787909505598304;0.00467828550719863;0.00374962070310807;0.00289444840539304;0.00328496832734121;0.0026667513254389;0.00250618615570078;0.0019369032706296;0.00187303148576391;0.00174600353382751;0.0015021906947632;0.00158009085522418;0.0016401781358026;0.00133543137539079;0.00151892456008018;0.00133907418470983;0.00133704964568184;0.00135724274080776;0.00130571120135712;0.00131292824026587;0.001310777045017;0.00124864389085624;0.00134999693182516;0.00137053553164505;0.00151244187828931;0.00132663890929872;0.0014580232060197;0.00141555068995366;0.00136381216031917;0.00127106148887059;0.00119855360988096;0.00120745986971609;0.00117581470782018;0.00115458237540132;0.00113363766106258;0.0011841266307043;0.0011735070663335;0.00111235830072101;0.00107173550376624;0.00100008081461128;0.000949312758157525;0.000939014539579968;0.00088797400657908;0.000847679980624458;0.000958395544973972;0.000816795740561471;0.000796708283749168;0.000755781730236308;0.00073535337255218;0.000775271848570278;0.0007747570080293;0.000643694808199063;0.00070402703463813;0.000653529056907299;0.000633375893512421;0.000623265913386143;0.000562881955612737;0.00053259373147227;0.000482232737574972;0.000462060791128433;0.000431865659649687;0.0004419223622759;0.000431869997087388;0.0004419090470834;0.000421775675594252;0.000472129303157239;0.000401646751681896;0.000391605582889848;0.000381579740124114;0.000371523245305754;0.000371556823088742
15;0.0334439782050479;0.0327535721714642;0.0313744400199104;0.0292754027693787;0.0296102465225176;0.0325834588353414;0.032698450967392;0.0329515093818137;0.037713491223358;0.0363045496750232;0.0335913517324442;0.0355528092597058;0.0377134761384111;0.0374962440497841;0.033413432291033;0.0344985989250769;0.0371516541518741;0.0328115366686215;0.0325436485902893;0.0369076597224418;0.0400248067932449;0.0365884964438337;0.0379114033842709;0.0350646242221158;0.036016087487008;0.0367899553740262;0.0405649274225186;0.0372877240374547;0.0432134522765264;0.0364544505740271;0.0323436913932889;0.0367138306541225;0.0359501322251606;0.0366219878415;0.0393084301599659;0.0375705091385735;0.0377380794065931;0.0377588485827581;0.0346978002420446;0.0341052277882004;0.0401760573816651;0.0389369771010045;0.036500284020566;0.0420849180123449;0.0331508685695135;0.0336575507771041;0.0363050733825951;0.0394723917771697;0.0459597986846574;0.0444314044115434;0.0417713289399805;0.0413046424430424;0.0390733521530672;0.043132216512047;0.0349431698145097;0.0365909159865287;0.0353494220355209;0.0348547717842324;0.0351002558202684;0.0380949539847561;0.0369171076844072;0.033856659190583;0.036783931542667;0.0357343959804219;0.0438719198192243;0.0605961966763748;0.0337733680876706;0.0347204236093125;0.0316246981717834;0.0317887703173238;0.0327054699237661;0.0319029184855723;0.0329400949900414;0.0321785213138428;0.0324904105696832;0.0330260386884423;0.0328994082840237;0.0322562766723937;0.0319856523519693;0.0312909048321093;0.0319341656251317;0.0304586041761548;0.032906714119499;0.0305857123709958;0.0335012348435167;0.03379518728223;0.0327213584739222;0.0321879018357911;0.0295257819552865;0.0297233350361627;0.0276880779156778;0.0263726593941276;0.0264942856763609;0.0270356871069812;0.0272058629689189;0.0255628457481024;0.0252628095807774;0.0249904858556387;0.0258523887300939;0.0254089188951332;0.0255460516266993;0.0252145989779216;0.024088614346494;0.0226454251358115;0.0221557683693112;0.0231744085032449;0.0216699609506822;0.0217800157738276;0.0221703336382456;0.023111859937001;0.0233745364647713;0.0238788874779014;0.047314046818261;0.0286684697150764;0.0228739571098168;0.0217227388603641;0.0214161992268603;0.0211568051475731;0.0216296058808711;0.0226326502289864;0.0231263133317768;0.0214085863682231;0.0213501329326089;0.0211692379074353;0.0187071554019602;0.0186251422519183;0.0174799954919418;0.0167142777124293;0.0146580167647583;0.0148202299461687;0.0137063649347342;0.0139336660336528;0.0128069362631544;0.0119380712553628;0.0138881022236823;0.0128279428482268;0.0135990230905861;0.0201424463017884;0.0256949098633467;0.0128297417796768;0.00857303631127735;0.00707059719351681;0.00573099540026254;0.00518524085068009;0.00442463791182556;0.00404965599126462;0.00344889413898938;0.00310311569589466;0.00292207792207792;0.00259099837017844;0.0025508876047686;0.00275545111413806;0.00236345354466202;0.00231807268813644;0.00235167918145061;0.00230692386121381;0.00251225237840287;0.00247071177088266;0.00240335236843186;0.00238915548993068;0.0022647155271356;0.00259099195051513;0.00273459104037363;0.00269172116634427;0.00273855020334757;0.00278756317965998;0.00288610589867015;0.00289441500203832;0.00276934981367977;0.00267455813858889;0.00272260882816071;0.00266899400237469;0.00254504527341492;0.00258397932816537;0.00258384841422637;0.00260297975347655;0.00236892456898734;0.00226722942539904;0.0022145146774797;0.00207227697750821;0.0021122419072837;0.0017674268285293;0.00181799818200182;0.00173686495874946;0.00172575615368313;0.00170570958528043;0.00162363856393707;0.00180445367392816;0.00147113650333021;0.00160106334773283;0.00142911777138141;0.00149962760925139;0.00140852155541023;0.00144863385779244;0.00141831130424286;0.00130742618070641;0.00117635230243314;0.00110564987083999;0.0010652409856494;0.0010148203968852;0.00093447614071402;0.000924400144688718;0.000894256661709738;0.000884093352220782;0.00145725714055999;0.000823706680060271;0.000783517995801147;0.000773496202836822;0.000753367552961739;0.000763481475528409
20;0.0437374457331692;0.0423821339950372;0.0400346870935106;0.0370269795377218;0.0377361465922352;0.0399565407754553;0.0391158052154407;0.039711019371229;0.046415788263882;0.0409962424125638;0.0391665146817436;0.0424421421092932;0.0453847138650621;0.0471558607998423;0.0421839351742585;0.0429314555777587;0.0454048586298599;0.0397083287986443;0.040366036412333;0.042457862171965;0.0452218854047607;0.0428526645768025;0.0442080417001328;0.0429895820414238;0.0437527345459091;0.043393589119407;0.0511776251226693;0.0456365470710638;0.0505102923369659;0.0454777562862669;0.0421462221957183;0.0459418305981513;0.0447206721424541;0.0441876378012621;0.0459167291020015;0.0443012793046459;0.0457134959998772;0.0452845739403837;0.0434083601286174;0.0421220466734309;0.0479102011827011;0.0487378757756491;0.0468624812927998;0.0539247591772976;0.0415667696929432;0.0418710318057353;0.0444178941955779;0.046207561502951;0.0575594284512193;0.0523547843612716;0.0476785246179704;0.0472151540853831;0.0467708090463978;0.0513017245889061;0.0411558669001751;0.0441690548924511;0.0420067246308118;0.042554796277021;0.0431755906094942;0.0466126005985517;0.0460638376657039;0.0407209711522822;0.0443426491455364;0.0443955319977241;0.055836910561263;0.0757937738223333;0.0420461797296513;0.0424834165610792;0.0378866677115541;0.0398212049736467;0.0421382652841097;0.0399449817078358;0.0398519414679111;0.0397094635492181;0.0410407764709337;0.0402117317871721;0.0412743658403156;0.0418074566176049;0.0407889362198751;0.039598327312036;0.0409661275114238;0.038831634686557;0.0371403094082179;0.0352422298418317;0.0367413524282497;0.0371888602459536;0.0358516914132634;0.0364952154800775;0.0356224350205198;0.0367440249393834;0.036639368314349;0.0349154029160409;0.0354508392304441;0.0342087930182776;0.0349584022113222;0.0339965409344758;0.0331770880935905;0.0322664584959667;0.0332189358413455;0.0326117804896927;0.0321851692203195;0.0326988399666731;0.0307840919201291;0.0302023482388209;0.0287741280473461;0.0296225576103162;0.028432749402518;0.028069957826842;0.0280766106201226;0.0283703898116556;0.0260856358136415;0.0273838069486251;0.0609862443388;0.0361194571073353;0.0297667732421246;0.0277961290954024;0.0275934825928965;0.0268895954652091;0.0270232313183919;0.0280791849581711;0.0286093285053598;0.0275365885096261;0.0271310962285768;0.0271375244415477;0.0246870814281096;0.0245700245700246;0.0226430677112607;0.0216581408861495;0.0205323710080659;0.0201475085447023;0.0191951506987708;0.0194938976598365;0.0198004313186506;0.0188341902741841;0.0200342328060562;0.0179847586790855;0.0214731866524112;0.0473269665111267;0.0623987128516632;0.0241111228726345;0.0122195512820513;0.0107690622261174;0.00878021553389721;0.00751084540176548;0.00659717781472482;0.00629078097225031;0.00517536989606926;0.00470071089050604;0.00422264472011849;0.00385469476683287;0.00353862212943633;0.00359719731409267;0.00336654856038487;0.0036822670317816;0.00344278565816137;0.00313806451612903;0.0032514450867052;0.00348820409089971;0.00318130340780397;0.00337132931103596;0.00334829452666824;0.00350127832595772;0.00318369945877109;0.00331472435450105;0.00313543865401562;0.00321517069074973;0.00331379828787088;0.00332188560448097;0.00294039572825843;0.00293664793873826;0.00299489645196451;0.00307297814318857;0.00280567641198715;0.00287513969318297;0.00290547061512673;0.00270116576627808;0.00282104622253793;0.00288105503423789;0.00268561120457263;0.00264384116693679;0.00251169762401507;0.00235736905472536;0.00234746534453101;0.00241763355149357;0.0021836709935703;0.00230512587200485;0.00218184022060829;0.00218137749949505;0.00209895355056157;0.0021482602118003;0.00206611570247934;0.00182443125119697;0.00187396100952093;0.00177312109611122;0.00170237627552305;0.00163138708183118;0.00153005244456076;0.00143893579126375;0.0014184825255025;0.00135782104924364;0.00129742124954741;0.00123702630943761;0.00121687534570322;0.00122675944453941;0.00238533772154956;0.00113604375276471;0.00104550983684015;0.00102542449558163;0.001065562234866;0.001085776330076
25;0.049329177395311;0.0476610005527916;0.0450667469637659;0.0418843825163805;0.04103505350617;0.0439504754826614;0.0436262827683478;0.0439160700408406;0.0502763477332599;0.0440715996048291;0.0423923187649283;0.0429851330841915;0.045916314624824;0.0479204028141813;0.04351611525446;0.0433327257361592;0.0453255853700222;0.0414150408807577;0.0435425457686813;0.0452488687782805;0.0480577386838772;0.0467363180820751;0.0469730749442634;0.0466378318834945;0.0460160794823191;0.0451814152027582;0.0563686197445312;0.0489915924745214;0.0530515576607761;0.0489089906948092;0.0443897959501315;0.0487828470095115;0.046748601151896;0.0463895384909082;0.0489278502516106;0.0474757017276992;0.0483216940752422;0.0475604297224709;0.0451160280626012;0.0434295744809636;0.0478561235080436;0.0493508549715009;0.0492617087754358;0.060524233772488;0.044122965641953;0.0443289417898026;0.0464667246973174;0.0475730980716507;0.0603880494505495;0.0533032035092383;0.0482520766204116;0.0476425980877019;0.0482992531715749;0.0512636706185093;0.0431659056316591;0.0458971021894203;0.043539434420273;0.0441625965022845;0.0457275541795666;0.0486638583022949;0.0484589705768186;0.0434976956394408;0.0461096496183083;0.0463327118033249;0.0562612812042366;0.078063026619571;0.0455419461309028;0.046828053242002;0.0436437414845092;0.0455668946275039;0.0451331021125175;0.043955394727125;0.0440111002775069;0.043638229258282;0.0443284130581246;0.0434743406717259;0.0436068773931977;0.0432729663498894;0.0433294804720769;0.0426083350611653;0.0438504938663762;0.0422072152123689;0.0396754229938113;0.0378910560483813;0.0395216042444135;0.0392836764254049;0.0388548963967958;0.0394912494315431;0.0371652292328643;0.0375990679343527;0.0365514281362925;0.0343469398997411;0.0360611243833138;0.0370544023414745;0.0388503552273174;0.0368877104745244;0.0357335782195333;0.0352917450927669;0.0350242527707774;0.0348179757300973;0.0354554411347901;0.0363219548393936;0.0341616943151269;0.0325983359521908;0.0310034037453947;0.0326563068587679;0.0303806456521188;0.0308842860242225;0.030901331036841;0.030960986841259;0.0287726776524406;0.0290202866622081;0.070189628830772;0.0394211777983796;0.0322510601338579;0.0294717237560718;0.0293167462269155;0.0278039527626507;0.0278820246343341;0.0273198763057294;0.027655779049025;0.0260992155775927;0.0258844668916786;0.0264206102685913;0.0239267871096062;0.0240236352079851;0.0224165248518279;0.0216019191354574;0.0208126400406551;0.0210781163943455;0.0192503576537911;0.0200299192636664;0.0196532187275567;0.0184939956764343;0.0205141430363276;0.0190039318479685;0.0211853197925173;0.0460075816836151;0.0793717902485731;0.0330589468863365;0.0140945041573717;0.0117611880793382;0.010309055075477;0.00963357616614113;0.00828246199401345;0.00820515017781396;0.00644701426641276;0.006318347509113;0.00565406808088693;0.00536277602523659;0.00511203528142383;0.00484497138013666;0.00428495470041807;0.00419560034564251;0.00422238590739799;0.00403847946070767;0.00389375032361622;0.00416321458160729;0.00354261988618172;0.00379526211028949;0.00373053577501365;0.00382269298932531;0.00359567694542607;0.00372730923281268;0.00350505714990544;0.00342071742614127;0.00355057517265441;0.00329193629436679;0.00320506256527883;0.0032725524886739;0.00314693531413158;0.00329679302672138;0.00293589952699397;0.00290380755397516;0.00297506851827324;0.00297322064962835;0.00297149602613288;0.00311320466777223;0.00303833998922863;0.00292507541210047;0.00279216164077571;0.00265703912540819;0.00273839225947788;0.00268713622259628;0.00271529888551165;0.0028981982529742;0.00286486541206483;0.00286425650783369;0.00266965992173043;0.00268857960116033;0.00245417361005908;0.00204992527365998;0.00198851305655654;0.0019074724476202;0.00182636422344204;0.00182570102884809;0.00172394672903792;0.00162239509855294;0.00153131642840592;0.00152081298028986;0.00148037744589573;0.00150036753969932;0.00147008478160179;0.00146989237568838;0.00278450363196126;0.00135876402798047;0.00133844559168352;0.00127806458754742;0.0012981523970535;0.00126811594202899
30;0.0573414112615823;0.0573926608500063;0.0535176231518464;0.0501385041551247;0.0480202334364373;0.0509354958392961;0.050515324111744;0.0502914065337322;0.0559292227922914;0.0481178510746378;0.0480021143395167;0.0481557901198779;0.0510779610985188;0.0515096082444352;0.0482610562473164;0.0456938959329315;0.0474059221597623;0.0450791291570254;0.0453163809424557;0.0476626454114606;0.049681969782573;0.0505909434480863;0.0507638876392363;0.0510602868211786;0.0500342583076396;0.0497781904467141;0.0642297363950238;0.0532349109856709;0.056927931047751;0.051816120949735;0.0472661530693682;0.0531658870585045;0.0505732089372396;0.0495804347463424;0.0516471480326902;0.0497747444862829;0.0512148521380383;0.0492807627104419;0.0476997852379338;0.04625557629639;0.0499718971948291;0.0524624019452726;0.0523313036950538;0.0659429178185014;0.0464434354899735;0.0471081169898127;0.0483825457683945;0.0485341652863323;0.0641412203278329;0.0536190676776186;0.0496095544327056;0.0495932144711788;0.0504249194709067;0.052212492250465;0.0458609060829728;0.0472416472416472;0.0449556263235318;0.0454942555260685;0.0475781072575674;0.051495101810535;0.051546896416683;0.0452179518169366;0.0472556848944234;0.0481565457413249;0.0581357583631049;0.0787868410350806;0.0472549610570898;0.0484753458441537;0.0456509283491026;0.0492834673191192;0.0472978285139236;0.0462080365832934;0.045550830835857;0.0459819444231565;0.0463685450146604;0.0467542261044429;0.0468198018558352;0.0467764103204848;0.0472791440789787;0.0456029081908887;0.0461146617730811;0.0442681757738813;0.0414217487141808;0.0400089372160572;0.0423493430702494;0.042473806042885;0.0412252241169868;0.0428560519282169;0.0405297896163592;0.0401141849377513;0.0381536781295357;0.0364956216663339;0.0375421616072738;0.0398229435632608;0.0409758235337083;0.0374916630007521;0.0378140668328618;0.0374050588809142;0.0370536779882338;0.0378010196327664;0.0374024011418017;0.0377322167677351;0.0355193482688391;0.0350547855840023;0.0327847285261344;0.033828405829409;0.0327187132208709;0.0314734582614536;0.0327361116556239;0.0326138897738133;0.0312040035325287;0.0298741288963319;0.0730717185385656;0.0404235379687522;0.0331014821756174;0.0297183756029252;0.0296557548060206;0.0271641302569138;0.0279764408918805;0.027799334117706;0.0279362830066931;0.0266130528920507;0.0256749009148241;0.0262242574381303;0.0240887864637031;0.0241808073133374;0.0228825259619425;0.0225311544092267;0.0214319414956358;0.0216022973685753;0.0203517206773015;0.0200897279030473;0.0201053525122969;0.018853999700181;0.0222602534796606;0.0196650611163848;0.0209388402561542;0.0306539509536785;0.0456534658814631;0.0240433752960239;0.0147188224942005;0.0130442091107749;0.0115653106330831;0.011264327434017;0.0101907244934388;0.0101414839615509;0.00865179728239338;0.00821929460801514;0.00748968312063058;0.00695633787926842;0.00702304865593379;0.00658254468980021;0.00579021213326911;0.00568740198640878;0.00556342723787298;0.00554163504226406;0.00557236274418073;0.00535576863079515;0.00508924314351458;0.00518660386148351;0.0047995862425653;0.00505787072951252;0.00448755066589462;0.00451637573765748;0.00463139653625177;0.00456630417976602;0.00475783446443467;0.00443461261446651;0.00457136987004982;0.00424776581882355;0.00398708553272178;0.00393237140428669;0.00407942090626534;0.00390345588686109;0.0039751882849464;0.00382973508445842;0.00381730033171727;0.00392917283257641;0.00387320354703904;0.00372818856892565;0.00354324695820394;0.00345725209468803;0.00342730453177121;0.00355861031183594;0.00349479843953186;0.0035468921500874;0.00374619289340102;0.00366419342069204;0.00366032953105196;0.00369916186113448;0.00355363868302758;0.00307614470022768;0.0028319443320657;0.00272005662571414;0.00257776250214814;0.0024757727947938;0.00238335689759645;0.00236184708554126;0.00223995802601177;0.00212834634549819;0.00208770372761013;0.00208753529649052;0.00204703130041949;0.00194593722587996;0.00329812634049614;0.00184438621245717;0.00177354992139949;0.00173313717982306;0.00173311971625203;0.00172319970977689
35;0.067350950814714;0.0665640334840758;0.062336893149975;0.057742782152231;0.0542301685605041;0.0565359842138576;0.0575769477969007;0.0574888463989802;0.0654261243614856;0.0547826727025137;0.0552114240105495;0.0554649850409359;0.0578083916601859;0.0573048941167485;0.054714427501579;0.0526373107779432;0.0524713399736892;0.0496480243376136;0.0511243723164253;0.0534411581745179;0.055117657211898;0.0547161959216169;0.0560379146919431;0.0542553762959514;0.0538596079987017;0.0531458661310461;0.0716251830161054;0.0588515868647954;0.0621187702727514;0.0581531215732801;0.0526369775194461;0.0601249395886659;0.0556059177605338;0.0526759228379351;0.0553127221037669;0.0521874502450157;0.0535873400577396;0.0521353789657668;0.0512590080542603;0.0496433902803118;0.0525466573441618;0.0556483222892096;0.0559604281087171;0.0711079751474883;0.0505406209701419;0.0515407031883158;0.0528133393797747;0.0517366686385532;0.0695917052310937;0.0569536915116559;0.0518411112901205;0.0518896275384755;0.0534995759730066;0.0548230821119765;0.0477317817308814;0.0482429909929502;0.0469025050778605;0.0475244789058318;0.0486604329535197;0.0521999315056147;0.053505376344086;0.0479839322182653;0.0504874713643871;0.0506274489496487;0.0620498084291188;0.0837825278810409;0.0497319436582198;0.0498463756672789;0.0464391763617777;0.0504846256684492;0.0484246315337768;0.0473614305614046;0.0467547839810614;0.0473627556512379;0.0480854853072128;0.0477124398444195;0.048724241875175;0.0487441220323432;0.0499924911144855;0.0488678541906414;0.0491898436074763;0.0481953050427917;0.0447606272555971;0.0438796567828826;0.044971648308675;0.0443101391650099;0.043639337952271;0.0442483524549618;0.0423953934740883;0.0426780848579214;0.03998087611307;0.0383220592371113;0.0408197470668901;0.0425502489397013;0.0440974866717441;0.0414141860910847;0.0403772815929667;0.0396838036223596;0.0382170248753317;0.0387117154631478;0.0393935429476836;0.0408694036782463;0.0382211335416843;0.0380805209856784;0.0362355309511827;0.0368586508234073;0.0351638546398443;0.0349028512379839;0.0362218979680069;0.0366635107506964;0.0343084445181072;0.0333416861565876;0.0631908237747654;0.0400857105374401;0.0337842449391884;0.0327400042762455;0.0315091635097778;0.0302775441547519;0.0296981809386815;0.0298430600079822;0.030053755743274;0.0284210793909042;0.0273748305063064;0.0293717075677759;0.0268335425496215;0.02694285149298;0.0259125926107951;0.0255467342068092;0.0240709713968878;0.0251940770557792;0.0234785405424722;0.02285619150682;0.0224877770921346;0.02143763809882;0.0248968750382511;0.0228568696130351;0.022370773975973;0.0301137398818355;0.0426856884057971;0.0242014789083153;0.0163073104536123;0.0140568405036845;0.0134053599300397;0.0133136423193942;0.0125689928411389;0.012471222354366;0.0108335223529158;0.0114608572592577;0.0106245390510598;0.0102840352595495;0.0102220431361737;0.00958994008933675;0.00834096868977284;0.00851681281938048;0.00846516500785752;0.0077262462361994;0.00803947602270708;0.00756981692335038;0.00763645076937502;0.00775282535850313;0.00774339732463024;0.00739146706586826;0.00710442676416211;0.00731920018272046;0.00691206035358246;0.00708279832663712;0.00694322285572376;0.00679006604036834;0.00594427244582043;0.00604849096847984;0.00616407343376965;0.00606577770466859;0.00589267932121262;0.00571399261386951;0.00569417655025239;0.00571030212316619;0.00574789192733681;0.00556352459016393;0.0053207817456257;0.00533715045243086;0.00504766673138034;0.00510183257826211;0.00503107428233205;0.00511208840545698;0.00494453959709648;0.00473242424551491;0.0051665630636598;0.004900162999185;0.00507815680208418;0.00504547026631131;0.00502941445423233;0.00453710376467961;0.00442226549821487;0.00438018372437288;0.00425669923379414;0.00415341288976234;0.00398850016196955;0.00385467569126172;0.00375175705603365;0.00358850465494759;0.00351710546263075;0.00340565723121078;0.00332440761885515;0.00318220390350345;0.00485190523559147;0.00296858749760191;0.0028972339995962;0.00285656606439891;0.00277578706180416;0.00272553829381303
40;0.074727902876021;0.0744237826248299;0.0716922287361086;0.0654596100278552;0.0625782940439586;0.0650342337365088;0.0663231477447099;0.0659414969666525;0.0760474243327101;0.0619098608001558;0.06249655653707;0.0641845115035184;0.0653643581479443;0.0656295576081672;0.0635320619284882;0.060236808828601;0.0591653774445634;0.0565036943291582;0.0580588257851747;0.0597243796550763;0.0617020844750249;0.061194801217388;0.0614331043900872;0.0597534884601549;0.0612326574172892;0.0579826472499331;0.0806838253848095;0.0627850766052006;0.0667986253099578;0.0626407603924113;0.0567525624368413;0.0661232574083949;0.0618940659256273;0.0593477858069298;0.0625011755412192;0.0587565559848442;0.0612348654602971;0.0580017881090747;0.0559765513297112;0.0542960364416985;0.0564259763851045;0.0620358478977051;0.0616830446213802;0.07707889350748;0.0555120235421129;0.0556504981455894;0.0562552940743196;0.0545237416227007;0.076454909861697;0.0627925270403147;0.0568467158796987;0.0586099585062241;0.0606603629708708;0.0608577175111919;0.0520501418116881;0.0527257840318373;0.0511818714592694;0.0516181669839543;0.0535663133772558;0.0563680276895575;0.0586203762610197;0.053008545190228;0.0546869155382659;0.0548;0.0664814852637814;0.0886037429629254;0.0535435830048182;0.0539607984825219;0.0501131587455545;0.053221633608476;0.0519642702280808;0.0502091338796885;0.0510485651214128;0.0512522135087276;0.0516441039942108;0.0509510046555096;0.052154941039982;0.0526886906197251;0.0536068712346091;0.0528441430080774;0.0535138057944219;0.0536442752243677;0.0496832110199101;0.0481978546274809;0.0509451989353716;0.0512573016691907;0.0504603310358706;0.0500367303325765;0.0474632800974921;0.0478173183267191;0.0446650896414343;0.0414345082345698;0.0437800829216375;0.0459980419535526;0.048394550235041;0.0462641114768218;0.0450188083970392;0.0434644957033017;0.0430709055350889;0.0461409771909122;0.0461238139914955;0.0461866237578033;0.0423454675858839;0.0420121059123899;0.0400818573142333;0.0408294654888456;0.0393599282581585;0.0394195548041702;0.0410457699586458;0.0418904097881978;0.0394605108841786;0.0382649019974941;0.0593462451766103;0.04236709033757;0.0364489150090416;0.0361001353927772;0.0363268758093929;0.0341450396957769;0.0351857682619647;0.0354720987326654;0.0361111111111111;0.0327193280828907;0.0321172107215193;0.0345758763104945;0.0318773946360153;0.032235939643347;0.0315716448032291;0.0307525054357334;0.0290245288145641;0.0302326438815765;0.0294103296006246;0.0282101522471978;0.0283345270901873;0.0267955801104972;0.0306917891618443;0.0289824930571698;0.0261603997102837;0.030538857878918;0.0442193968066233;0.0265162421799335;0.0187824979661137;0.0175163820206603;0.0170208468909185;0.0179610393994981;0.0165698157064586;0.0164184381491139;0.0159314260755624;0.0157475191150155;0.0147251061439236;0.0140911731170535;0.0139594180540378;0.0134447674418605;0.0119794819511263;0.0123441079155001;0.0120559582426407;0.0116111222328757;0.0116984950044265;0.0121577344894068;0.0111491380939383;0.0113897366516691;0.0111872289610961;0.0108398529550382;0.0110571793208779;0.0110126860286351;0.0106646074860953;0.0105748373101952;0.0107325205793477;0.010218309712597;0.010018271666459;0.00979660384400075;0.00961926752746513;0.00885422592757326;0.00878814478236175;0.00882143557256791;0.00877075314973223;0.00840327469944116;0.0080997526793075;0.00808803074482005;0.00803415286493159;0.00751415971958102;0.00784611750690643;0.00764071217591073;0.00769246548647152;0.00750753830690652;0.00715141952603916;0.0072041236690817;0.00690403999016635;0.00734036998740773;0.0070372832813379;0.00738165831714549;0.00713804301207034;0.00690295083304444;0.00691755980276295;0.00688433101818848;0.00686019053822979;0.00679524739583333;0.00665718060778534;0.00634775543367865;0.00605992935157741;0.00584344438582965;0.00573039747659665;0.00569887239393202;0.00558619570947727;0.00541181478215925;0.00776213790289678;0.00495224977973122;0.00484950340680145;0.00476783382428862;0.00460544961334467;0.0044436346704726
45;0.0869622360466135;0.0870010691375624;0.0826086032022794;0.0740809736711376;0.0713114256210897;0.0737364144771552;0.0778314328612588;0.0776088530354742;0.0897344660410088;0.0744630071599045;0.0722457295094813;0.0754170129106792;0.0751082888262753;0.0742715920915713;0.0731627764753848;0.0674413863404689;0.0676083061030884;0.0668310484268666;0.0663396164963563;0.0708249496981891;0.0724220727249129;0.0709537984749011;0.0707820691130844;0.0686856889712249;0.0689011145171441;0.0657916091860748;0.0916535144902674;0.0696116969281005;0.0752861105284013;0.0699625346147581;0.062922079164355;0.0729871930826332;0.0676148572597974;0.0649437626804814;0.0688548270604285;0.0643478950603819;0.0677564938321131;0.0648950053387116;0.0639530480878455;0.0616395378880154;0.066618537680985;0.0720323848077152;0.0688181872379325;0.0858253315043438;0.0624988477351081;0.0625878366671159;0.0626719478644319;0.0614006975209728;0.0856019633686315;0.0715739555574207;0.0636359996797182;0.0673400673400673;0.0686771928400373;0.0694070236039148;0.0598208514174901;0.0613894025890488;0.0591086903625508;0.0588820065764319;0.0603056900726392;0.0627380640480461;0.06451052326704;0.0593642354350756;0.0624406457739791;0.061920517062286;0.0735789611867151;0.0951307735114079;0.0598863362890835;0.0608577757409105;0.0581132886675504;0.0615484710474951;0.060008415814413;0.058323338286103;0.0593740913056121;0.0599402730375427;0.0607098323128176;0.0594124405054981;0.0613639269990318;0.0615829378715977;0.0605779402757929;0.059714650689984;0.0599303392735381;0.0607443063438465;0.0544795679631291;0.0535711241070058;0.0563765145795132;0.056973460330825;0.0571332697538059;0.0572945042970878;0.0556359841088142;0.0573244055752938;0.0534975401557358;0.0510934840553647;0.0539247445801146;0.0535825440352619;0.0581231789410228;0.0529269472665699;0.0521283354510801;0.0501363342632433;0.0491128010139417;0.051927714616806;0.0532402633457603;0.0552648432496603;0.0515238590162932;0.0522091961251104;0.0488274645298831;0.0498103429436648;0.0480031506169958;0.0469625414332228;0.0498925548554972;0.0504712633425505;0.047380097976444;0.0465109314165918;0.0636623607139335;0.0505050505050505;0.0443082517154419;0.0443463429316745;0.0463352759684607;0.0428121459950819;0.044355606320198;0.043600891554993;0.0444249537095045;0.0408320597265239;0.0393521034895097;0.0433554543958756;0.0405915255131655;0.0411449720450429;0.040298526902588;0.0406497776058789;0.0383891319833113;0.0405530421117997;0.0382822024206015;0.0369187611927214;0.0382938317570185;0.037110170432808;0.0406770442124893;0.0388055940531687;0.0349309197256958;0.0358329181199136;0.0484771612863308;0.0333557407905351;0.024789714011055;0.0246858589647412;0.0244381285027794;0.0246381627952282;0.0239510174680353;0.024578194154254;0.0227139068585568;0.0231397309179862;0.0219298245614035;0.021700706991359;0.0214148350155912;0.020171162387607;0.0181440994055873;0.0180925997508912;0.0182244040170693;0.016992335326788;0.0177554546036215;0.0176825041326721;0.0170290470528283;0.0177482151003045;0.0170236657556304;0.0168773690786269;0.0167659223372859;0.0172158538132905;0.0159900431393644;0.0162425954423762;0.0160733094586054;0.0155067283431455;0.0151322895584056;0.0152014824586199;0.014867012378722;0.0141409503136056;0.0141273545590932;0.0134175792147229;0.0133558185773919;0.0128729034740202;0.0124670143578449;0.0124127472162207;0.0121540200562072;0.0116413953102991;0.0114378577565237;0.0111927572628903;0.0111836937197668;0.010881471530433;0.0105257726639492;0.0106317093311313;0.0106240330067045;0.0106536581341144;0.0105689298185976;0.0104544330916282;0.0102852088411655;0.0102467221783012;0.0101972773064415;0.0103673168030517;0.0104023612847685;0.0103547871686673;0.0101498951245715;0.00998620125721879;0.00973253403323155;0.0095718192579289;0.00937448996246124;0.00919901278887144;0.00905337207524086;0.00880383945220554;0.0126748835822737;0.00831518309687137;0.00814902232079272;0.00797428699296147;0.00782989800795192;0.0076763527665372
50;0.108368120531644;0.109124176628446;0.104371407379937;0.0948740303579013;0.091111256458892;0.0904741290925247;0.0981518151815182;0.097122866817662;0.108963866018421;0.0909478216023499;0.0907305743243243;0.0946994607391819;0.0945073432455781;0.0943983888342466;0.0941142832006334;0.0859166630230423;0.084380935154201;0.0826516160399095;0.0822813787690496;0.0881219940279456;0.0890371026795084;0.0887503840582891;0.0901282612199784;0.0874594594594595;0.0882590210400087;0.0839974809442116;0.114146857373086;0.0871149461259892;0.0950520505129433;0.0882301427445486;0.0802539708464334;0.0936489429570803;0.0859507034525142;0.0805982725932168;0.0860768766698268;0.0793277382163445;0.081760870968436;0.0790408525754885;0.0784555640953036;0.0747748102112261;0.0796450670333448;0.0883585664186126;0.0867301207904733;0.106237183014055;0.0797231126231539;0.0786987595498234;0.0822456753887467;0.0802000482043866;0.108526553840801;0.0893414093929395;0.0791628364367103;0.0837107537468548;0.0865548049684027;0.0865110984632897;0.0763760656897026;0.077954341028826;0.0754938431239929;0.0756886324855773;0.0766567356469925;0.0798176579366103;0.0820656773101612;0.0772017116130958;0.0788596269097662;0.0779830623167306;0.0918924025222587;0.112727160911411;0.0732514177693762;0.0754153026575304;0.0734527749248735;0.0783812693130497;0.07536152902937;0.0730186491264757;0.0741155785690824;0.0755048786022237;0.0758287265450078;0.074914209271215;0.0755546905410666;0.0763000852514919;0.0750340794594701;0.0752171750028702;0.0762580619866303;0.0765479787356102;0.0702697674418605;0.0690158352699562;0.0731948942655744;0.0723386841762616;0.0711034521512728;0.0710117638285576;0.0676839159343304;0.0700333405812858;0.0655571236790472;0.0631007174766482;0.0669546436285097;0.0669617463026166;0.0729461126815652;0.0681106116332925;0.0653842286939911;0.0638834500381641;0.064545151616128;0.0663836675365862;0.066170679803616;0.0688480679882938;0.0651679961324631;0.0666171684938864;0.0622159705691409;0.0646766986463399;0.0619608684327455;0.0602646968297938;0.0637905037388067;0.0656479466424512;0.0625849914813136;0.0614222445582184;0.0769846451966215;0.0637629847356291;0.0573471203706545;0.0569328833895763;0.0576309205417997;0.0550175357570684;0.0568155947638019;0.0582624832765094;0.0581164952358752;0.0549084858569052;0.0536522575534684;0.0575462233051455;0.0529239484648067;0.0531488249223231;0.0524001465738366;0.0523840240821373;0.0504246144077886;0.0535471344225918;0.0517766364788751;0.0504791750646919;0.0505495362070309;0.0487682961216067;0.055050825492393;0.0520120592476078;0.0476768943401648;0.0475001076611688;0.056669105096318;0.0438809997357404;0.0362630457015415;0.0348532557748239;0.0334511162072355;0.0362106846192708;0.0348247232472325;0.0358615288942119;0.0340282035561006;0.0346745175008178;0.0320515695067265;0.0311597354656674;0.0313207798552205;0.029785069874403;0.0272373966829055;0.0271851454941113;0.0272884734795255;0.0254627872425797;0.0260343723197516;0.0260132237506378;0.0255972696245734;0.0246246894913058;0.0246575637723486;0.0246521345797613;0.024130734142353;0.0247804941034691;0.0246106353102591;0.0240429430105108;0.0234333183462864;0.0223930802498799;0.0226478981217258;0.0220379524796683;0.0219366204656889;0.0205153176804353;0.0201631652365051;0.0202998554532122;0.0198670605612999;0.0188975382638282;0.0188840027773687;0.0188583989818778;0.0178359595620269;0.0177725615123444;0.0173710001675322;0.0169530498766671;0.0166307779148287;0.0160264111913244;0.0155811649371643;0.0151486697965571;0.0149082568807339;0.0148234631863149;0.0148566907163903;0.0145097998397052;0.0146840283912;0.0149482878453096;0.0143134023610377;0.0140404323002476;0.0139707329197693;0.0141267787839586;0.0142439246250375;0.0140721468541576;0.0139739702576161;0.0137546621607698;0.0137880613306149;0.0137207674571805;0.0137041266705763;0.0135389360061681;0.0206775919871728;0.01295195870152;0.0125855189603356;0.0123344133207563;0.0120425126318271;0.0119775817375178
55;0.136095789048836;0.137196374291426;0.133200486529852;0.120773543431549;0.115956630205335;0.119313627254509;0.131401107614238;0.127564452833938;0.139946807052178;0.119212648923312;0.120288879084133;0.120683810354012;0.121820783850963;0.119003904734814;0.120523466142229;0.111475174591027;0.107887198735678;0.106297670345876;0.107998954695555;0.113310836145482;0.117451296623403;0.116010789461009;0.116670462885633;0.114915294396399;0.114929334959466;0.110002133662075;0.146735268199778;0.114626441707275;0.123252186507715;0.116025548672141;0.107078644203236;0.124927184466019;0.111465962300396;0.106498029511502;0.111346865643492;0.103151400750443;0.108793963961853;0.103572576571612;0.103307508285231;0.100352861151263;0.104138945304293;0.115945768436855;0.11284292190494;0.133275505064637;0.103361326580764;0.104391440035667;0.106854472872437;0.106976744186047;0.140388046387154;0.122378576924031;0.106909040256303;0.113851811170276;0.117539004723508;0.115264797507788;0.101726998170913;0.103497932828541;0.0995180100701468;0.101599929673421;0.102991192116508;0.107491704444548;0.106963775774065;0.103675106759263;0.106320588302673;0.10568454763811;0.122256319567253;0.141258014208976;0.100097739248683;0.103096410978184;0.0981402413991296;0.106325359468696;0.10019576062475;0.0959968828185882;0.100457002149371;0.102636477061218;0.100917627889027;0.0979985329560935;0.0985725714766938;0.0980198850526492;0.0984215809820799;0.098777182346734;0.1004859828951;0.10132322793067;0.0948312088527805;0.0914509075428616;0.100250781121526;0.0990535771575233;0.0989897360408139;0.0960064218342364;0.0927306795151237;0.0947138709740272;0.0882065828007294;0.0851951523470659;0.0917080698584764;0.0922860027815352;0.0997813746548021;0.0902463090191492;0.0893036431440046;0.0878296937039138;0.0869518754675311;0.0902287564354334;0.0904719181769245;0.0917840083811283;0.0881212183896158;0.0911737327578912;0.0821671693945837;0.0859927988056556;0.082583342861343;0.0823398401676929;0.0858532737312648;0.0873688796541439;0.084488019608824;0.0852032193832304;0.0956368947104194;0.0851587584730646;0.0767202656077078;0.0784363619014297;0.0810522139827276;0.0776632302405498;0.0784165824369786;0.0784107052839008;0.0779439743847546;0.0730932203389831;0.0731506808364348;0.0782906242871265;0.07228723249804;0.0745778882849543;0.0731001690011744;0.0742831210823383;0.0696375337809601;0.0731840066987649;0.0695985336071335;0.0677613289327728;0.0688669047521311;0.0679493916488136;0.0778296832811897;0.0711401786455021;0.0672774905015979;0.0659342315459505;0.0755311999172827;0.0622308856045619;0.0529061293374588;0.0498468358528628;0.0489898195111913;0.0517974911923541;0.049426523297491;0.0513258480649785;0.0476509514910023;0.0495682351978873;0.0466174818452415;0.0454226284346114;0.0447236008114892;0.0430977505298904;0.0396479737105687;0.039905126965749;0.0392196389374188;0.0373226506426306;0.0383676472227486;0.0388915517606537;0.0364228867853422;0.0375152253349574;0.0357004740174359;0.0353124344379051;0.0355973497668368;0.0361347412090519;0.0330890029341627;0.0331983005631855;0.0326445601534667;0.0320378380740158;0.0318774580832126;0.0324158622488912;0.0309031130980154;0.029482967318001;0.0298856773080242;0.028689892843681;0.0278372821511997;0.0273354878192809;0.0264103196474335;0.026628360704944;0.0254066995874217;0.02550889770836;0.0247855506420161;0.023964956301699;0.0233218176986447;0.0230190161706465;0.0226398703266201;0.0218966503527617;0.0214308392422479;0.0217338398213889;0.0207875380453162;0.0200255600502751;0.0203872845782268;0.0197561026980349;0.0196105234379929;0.0194005380864301;0.0193572103770612;0.0193785429351249;0.019178944057044;0.0189015131682287;0.0185543504408489;0.0184595133875871;0.0183870361475975;0.0185349460962857;0.0185469149324571;0.0185289397444715;0.0301722304911758;0.0182999740057187;0.0180541416491804;0.0179073799167437;0.0177911946553799;0.0178989940889765
60;0.195938580371882;0.196749928587298;0.190541589538425;0.174527374364448;0.169832311282357;0.17421850556077;0.189029014408898;0.181859591186016;0.197851244938949;0.171166125238042;0.177625848005702;0.180095830809054;0.177945507047488;0.175878364495583;0.181210832896226;0.161799144033808;0.161513549422869;0.158106435643564;0.15633739047061;0.164270410464592;0.170007251631617;0.167116196703446;0.172162851330831;0.173684915004685;0.171759747102213;0.1635278761887;0.206716194156645;0.166611350813143;0.17425421736506;0.164203835497365;0.155020260024362;0.186836046930907;0.165743318109342;0.159580469791774;0.165835411471322;0.152310061601643;0.16316979544618;0.151986271546756;0.15268259252007;0.146894123762493;0.152699603919116;0.17111093422484;0.166021335440537;0.187409200968523;0.15269304099142;0.152549966398686;0.154430251161846;0.156518974960876;0.193150862628097;0.171653187036932;0.152616392419871;0.162728032119857;0.171906680003244;0.169626454378445;0.154350657038002;0.155396652676304;0.153456474467729;0.158565522639986;0.161068442543263;0.161962611928575;0.157820525732702;0.153997930652807;0.155831837990259;0.154381776584104;0.173831886462623;0.189273174865814;0.141147026184686;0.150549234994115;0.144804825310117;0.155699855699856;0.148150747420872;0.144030307842381;0.150114830537964;0.153511271169056;0.147442470490044;0.142893654592346;0.145903400597907;0.144485011976466;0.144085664874085;0.143008012489382;0.145496154390601;0.146596617355639;0.144736260335146;0.139504174476061;0.159534851842544;0.160687260749577;0.152141802067947;0.148936642543178;0.139930877518334;0.145021738194654;0.132373141564318;0.126614017769003;0.136025526801069;0.136446636583062;0.148633390852347;0.136817369298439;0.130504970961709;0.129321233555508;0.130520443196005;0.136942613227544;0.134805082070707;0.140455149761476;0.129775610124955;0.133729375395732;0.123284965160549;0.129095486077749;0.120889490270087;0.120957955599971;0.129907953401409;0.127001321974148;0.122682402651805;0.123392657899069;0.130150639650778;0.120793198923683;0.112480169222634;0.115070668024229;0.117523992959851;0.112253684384832;0.114488696819395;0.116045085363832;0.115014259352458;0.110808853118712;0.109258333467722;0.117923672183081;0.10646488990438;0.107190277582517;0.10621465434655;0.106608860837061;0.102055789300313;0.106247459005285;0.104045386541054;0.101009210700278;0.103453343130051;0.101107352473473;0.116744899381884;0.103472914836923;0.100467633304903;0.0958711821746075;0.10895500130485;0.0925914435516396;0.0809033965116907;0.0783324377809523;0.0737761258623762;0.0796071070427605;0.0749091914583412;0.078528889616358;0.0720906409291189;0.0744925433689465;0.0702415083337383;0.0688557405911223;0.0687743715879777;0.0670937931691516;0.0614292075843157;0.0615962815094075;0.0607646578855344;0.0578539145311001;0.0604504514947432;0.0602050520748765;0.056285372475038;0.0564299026713605;0.0548858740489504;0.0543009214216219;0.0539780521262003;0.0559651090913253;0.0513831745959584;0.0505649236359507;0.0506986073180958;0.0488179202166676;0.0465773156431811;0.0459386585776879;0.0444961986765348;0.042260579064588;0.0421461050150641;0.0415451652603918;0.0406262802980811;0.0407537006170455;0.0394180360368298;0.0387224669603524;0.0374420109452627;0.0368509212730318;0.0366699810968214;0.0345315904139434;0.0339243151467659;0.0335162745204586;0.0323129620395864;0.0321235554689108;0.0312226247769426;0.0315836154586655;0.0302621496487044;0.0301994977528211;0.0297585081986628;0.0286306697320642;0.0279073758271931;0.0274794761322959;0.0269367121145587;0.0268482240349412;0.0264069449196031;0.0262781513501975;0.0258426846553065;0.0257141640768019;0.0255177475455522;0.0252544048998862;0.0251044246282696;0.0249309832236144;0.0405055797943479;0.0247100566647249;0.0246382024373731;0.0246289797471566;0.0247779385515573;0.0250992566311877
65;0.257630926557174;0.263908645487593;0.255458837415167;0.23674538896073;0.234907664651087;0.238977679801598;0.253039171544349;0.240378592803953;0.256627320058821;0.227969995945398;0.235860563651538;0.233089272519648;0.233923416686954;0.229618548990277;0.243737145554469;0.221836865767502;0.22157665390202;0.217689574911185;0.215676989613915;0.222465845842469;0.235653875725169;0.230806973929541;0.234685401813525;0.240515761168886;0.237195798264501;0.22883892745685;0.280362842264404;0.230850922607195;0.239881502000616;0.228639214794111;0.219881733400018;0.263498993757888;0.230191124068675;0.216611234857962;0.228317908596508;0.211651426149095;0.228132461983159;0.220876498837174;0.2165925241204;0.211903838697169;0.216847090663058;0.242477592829706;0.23188680437117;0.25450933651172;0.214834191207493;0.219278665413534;0.220026429601153;0.229250616031309;0.268368167202572;0.246859210705995;0.219277256273391;0.227085478887745;0.243307652128493;0.239306784660767;0.216541606002912;0.21521472392638;0.21579586191323;0.224874262290316;0.234058579830229;0.236722069482629;0.233586462568763;0.229073636906624;0.229844219732167;0.226914480649335;0.250251040022952;0.255911195181443;0.197938144329897;0.216256783281376;0.210443669656402;0.224804876659261;0.210221343439337;0.200519452984204;0.213423954580194;0.220340352199903;0.21271537256657;0.204044566130825;0.206923897290054;0.208981189518321;0.204793932851726;0.204806043720532;0.207625831745769;0.210578896209094;0.209682839196629;0.203009751992476;0.222192019136675;0.232896690708528;0.225662548833281;0.222709132169966;0.208982652161129;0.220672641224449;0.201951060510815;0.193231909939643;0.207995587318337;0.203237410071942;0.221774597137424;0.200712008748866;0.196259566182131;0.195219390260233;0.193570098490117;0.198237984723192;0.19537110933759;0.209193885906651;0.195377329799713;0.209364318421222;0.188615088387718;0.199598420158425;0.188691090993783;0.186832595720492;0.195710566552337;0.19429196374114;0.188478305999585;0.192676056338028;0.19966350477185;0.186511720742498;0.169933861645713;0.172780280426685;0.182038834951456;0.169013821790304;0.174914502264535;0.17568302424572;0.172138605603367;0.166488658786047;0.166111453090488;0.183539094650206;0.159643407594227;0.170816201557169;0.164960929396307;0.163657252602157;0.156525654066132;0.162614775503327;0.156137885426139;0.151543376309296;0.155040157351254;0.156030878095851;0.182934315531001;0.162570982632086;0.157806114108223;0.152613451826472;0.167130394761616;0.1500418824897;0.128446161303115;0.123311435315531;0.117403732512437;0.130493085626484;0.120266836949581;0.123438909080972;0.116078316618339;0.119649831292011;0.111009485980087;0.110351347501198;0.110741757179854;0.107061706962138;0.100584328022774;0.0993512164691204;0.100636658103429;0.0933060142811572;0.0972314753127545;0.0982093272944922;0.0904569777788613;0.0918711974346782;0.0877039838995175;0.0879074327350189;0.0874719060392953;0.0918163188592077;0.0835799436889714;0.082284839496723;0.0805032647750469;0.0800578960481202;0.0762239743166045;0.0765417270168745;0.0724304815027479;0.0678797744317191;0.0669815919589591;0.0645967331451576;0.0626716834791441;0.0628301170297235;0.0607565038925897;0.0604807295724302;0.0582109448881698;0.0580164819551009;0.0562254006782891;0.0546316145774568;0.0527015456716687;0.0510733040222195;0.0488949626426803;0.0492362781849717;0.0481033289423742;0.0483397183161516;0.0472327023026499;0.0472544203776353;0.0460956312349501;0.0457214904276851;0.0430297346499697;0.0419210508915386;0.0412098798045172;0.0407563857171144;0.0394988250280017;0.0383654141272416;0.0370957861112327;0.0364867817347608;0.0360534416137272;0.0358903870489157;0.036020714091033;0.0355322763306908;0.0554571732151222;0.034719054755544;0.034468920487207;0.0342024839066259;0.0341690583202469;0.0344861199865695
70;0.366031828854683;0.370390251758012;0.363618349351035;0.343216371661688;0.343728639781271;0.35054765999819;0.367645013214633;0.34951901053596;0.363237810094098;0.335069368462515;0.341552549777367;0.32999036524481;0.329686294093612;0.318955154877485;0.339366919304503;0.30690822053483;0.30657336726039;0.30903538991544;0.299899376132019;0.304902386117137;0.324767957569384;0.318349989368488;0.332247998914666;0.343556712024912;0.345079758799128;0.332135777998018;0.380485527544351;0.327105626510183;0.34053753100167;0.322448807617764;0.318550363917487;0.381067061874768;0.335297088032318;0.316506972033964;0.334775799538411;0.31460285758181;0.337322424390442;0.321832842301132;0.317662241887906;0.309752240379547;0.318279992146083;0.352968518909782;0.342475328947368;0.35893199744191;0.319792226401576;0.326122940335565;0.321909896033885;0.337006807838417;0.377080700983354;0.357871356692806;0.318781925343811;0.335401399067288;0.356184477328616;0.344449830344159;0.319634050461011;0.316213258286429;0.314700165574833;0.324694321506264;0.337884862697632;0.340428144570423;0.332280085820168;0.332521674967718;0.337631101648135;0.335324102251978;0.376255620396059;0.379181161359379;0.296726649528706;0.31986593989393;0.312580057978831;0.328691114867348;0.306234570047637;0.295166744016442;0.311795120935559;0.320808150578484;0.308309944221409;0.291805735304135;0.292221226122336;0.293848797250859;0.292934215106161;0.295758514974901;0.298407610021255;0.304545610014707;0.313229762878168;0.29832298136646;0.324176976305305;0.343841819627364;0.333117436509289;0.333534682371892;0.315212340860515;0.332450416693585;0.301309916270385;0.29432037882821;0.31778955336866;0.310292233542798;0.329249863348445;0.306453960583389;0.298749225308468;0.29673590504451;0.302601196272082;0.308630525812888;0.306940232946978;0.323784048091581;0.300350971922246;0.315677850889118;0.28540052005756;0.308035837353549;0.281003494757863;0.28346024216702;0.306273441915429;0.303192461301522;0.297203959990791;0.304722028378693;0.305219282348677;0.292167607208091;0.268274591438758;0.269407576793418;0.283049248959124;0.260561167227834;0.271525552842068;0.272156505914468;0.268220639754539;0.264486143688646;0.259732082763412;0.288306451612903;0.245117859152581;0.264854827819041;0.255931431410708;0.254710598076805;0.240352680689546;0.249441683600587;0.247271801101076;0.239238872946478;0.244049581967372;0.246065017721712;0.285907480948803;0.249509269356598;0.245996467185589;0.239570390649679;0.267004923138752;0.240345937248592;0.208028582021639;0.203895935381322;0.191504601155349;0.217517028659555;0.197927445135982;0.206821299413892;0.192340681664284;0.203045072505319;0.182897792410124;0.181407942238267;0.18689327421832;0.180583551343083;0.168263090676884;0.166886004405225;0.166818457802064;0.156520209469425;0.164254574774849;0.16647735825818;0.151598809938621;0.155782605193201;0.150183393578567;0.150176490883516;0.150054953058171;0.156775304751859;0.143458536521591;0.140827816295678;0.137013332640953;0.13746276163578;0.132241330846089;0.13023297331072;0.125701147101925;0.119325907168785;0.118476868150323;0.113677961909473;0.111116583756095;0.109244729313245;0.105153934422227;0.105103347356868;0.100232282416705;0.0990093036164641;0.0958584717448261;0.0902515873394758;0.0887900482838998;0.0852362274704049;0.0848212182597635;0.0818572353321956;0.0804043673550763;0.078317000176046;0.0766625004380381;0.0768001493077022;0.0768935472238056;0.0738847745210528;0.0718049230414481;0.0702224573834227;0.068638930982229;0.0679120652286098;0.0654974905395054;0.0633207185847164;0.0604855659444905;0.0589795918367347;0.057920304378843;0.0570277670913576;0.0560387238325737;0.0544547189197123;0.0804857692354215;0.0532148281487315;0.0526280315880523;0.0527390650598083;0.0523996411751514;0.0529149793029178
75;0.462304526748971;0.465768607724444;0.462400747314339;0.447423800149345;0.450982944929046;0.461844030942923;0.48614166300044;0.462816901408451;0.470361041141898;0.444481010991904;0.453716108452951;0.439440486306295;0.436302065695902;0.429841830154097;0.457214198947226;0.414766299493897;0.416977554889609;0.413881019830028;0.405427158790387;0.411559106228935;0.445422535211268;0.428036683511136;0.448394961397806;0.464877509909676;0.458665273605851;0.45087491498176;0.491333835719668;0.433985251683232;0.449075140072147;0.43423916423108;0.43038184836746;0.49820413049985;0.441947328437579;0.42141554593116;0.446254878879871;0.422975623423928;0.452457002457002;0.43986509660455;0.432585787624966;0.425538414541011;0.435887096774194;0.474529780564263;0.4565067850666;0.469282567129437;0.429903096692648;0.442695249260314;0.443214082907439;0.463153117376752;0.493517946908898;0.489481857969787;0.43490800023072;0.449721195413821;0.476110701601555;0.462215320910973;0.432871099905452;0.435006287870127;0.434266505593781;0.440821993890586;0.45929734361611;0.467109345910388;0.452824677221476;0.453073181516692;0.457943925233645;0.45458707720483;0.498542944785276;0.502801724137931;0.41037138122624;0.451941300698543;0.446329622909822;0.47003120039411;0.440757818765036;0.425218700028219;0.448971359419121;0.454795077799247;0.437156505213416;0.411416754833125;0.406830028742632;0.408779016010511;0.407846805159004;0.406190202831994;0.408592003973181;0.409334579255398;0.429421849699971;0.412852969814995;0.450201675457648;0.471288589189759;0.474109287941522;0.46686807653575;0.443253268195594;0.469611922965257;0.425111695686668;0.420845741512805;0.45410563692854;0.450287483414418;0.475528498154451;0.443166554734721;0.434539830474431;0.438108758231791;0.43629328227222;0.444412828746799;0.445453058554138;0.469204593789877;0.436889832143546;0.462809917355372;0.426482017946725;0.46336799330704;0.421101968544943;0.423399881537229;0.4517478892016;0.442234209934817;0.433261747897936;0.448570685104643;0.435912149825239;0.431559081805577;0.403093424021451;0.406601916685489;0.431756930184805;0.396970432882035;0.411822599495602;0.416052006500813;0.409994054882819;0.408137955471564;0.392186766776161;0.438353077517383;0.370182219768084;0.401435132032147;0.384974958263773;0.387372764786795;0.367980013532504;0.383594692400482;0.375143154606976;0.366598313966735;0.376674364896074;0.385921900669784;0.44312511272771;0.391825843438747;0.397744825455669;0.383173170123792;0.418340072647522;0.37905745300503;0.33036132272205;0.324328178799177;0.300188737385409;0.346657633242999;0.317570039472417;0.339910384403742;0.309093957855905;0.336059831487267;0.302442709644926;0.304459935270477;0.312639213100732;0.296673005460667;0.282516898940165;0.281892251413369;0.281240166282979;0.264414284339205;0.282140170716552;0.28385433768963;0.255852525826936;0.261788514448385;0.247611303110388;0.250324011180338;0.252683565207908;0.258380175758056;0.24390988460834;0.243515456724206;0.237186912373073;0.238345145181065;0.229165439660757;0.229797091250293;0.226266508684218;0.211569241228878;0.209178273570128;0.200982307305911;0.199285199756192;0.199037825319806;0.192035905271199;0.193947074373859;0.182996517553413;0.182626630594916;0.176286056094643;0.165822685173038;0.160558600887497;0.155590963262345;0.151674259387949;0.145968465581336;0.141711195847627;0.141152651148576;0.135060597626698;0.136774275064755;0.13432384408907;0.132852780697802;0.127827393891214;0.124899484121584;0.121744382403333;0.121015268396511;0.116833863469538;0.113090674552469;0.107597615391127;0.105339887708138;0.103153997788355;0.100878350812355;0.0992859367886325;0.095909058343085;0.131664452307976;0.0922345671677262;0.0907323088597989;0.0893174441469829;0.0885962109647721;0.0884561627934523
80;0.572018980560233;0.57341206511331;0.567332754126846;0.564004914004914;0.566872184017074;0.581714581714582;0.619720319634703;0.587965390665968;0.591946734305644;0.577369668246446;0.592198995679084;0.57870802238806;0.566021867115223;0.569591618049768;0.607236105930623;0.557025129718181;0.561103535088639;0.552440792653456;0.54641268613421;0.550487908358082;0.584371184371184;0.557046247818499;0.577655003069368;0.598421372191864;0.588781664656212;0.588897646661412;0.611666666666667;0.556927608474;0.583170799665645;0.568036931193669;0.566404352472554;0.632716969877721;0.576290414066931;0.551167142716439;0.582009398075632;0.561814120617656;0.590083015481265;0.580059189713236;0.575142857142857;0.564211645838873;0.576023690391096;0.620681083768332;0.59762973190657;0.603383458646617;0.566928406466513;0.585896023239507;0.589597144314125;0.615449645989644;0.629984328748041;0.638827433628319;0.574563641931203;0.588750996242742;0.618700434893835;0.605802282414409;0.569232194127999;0.580028328611898;0.571998885897317;0.578565752880413;0.601267828843106;0.606964015372074;0.593423019431988;0.598989388580091;0.605424994509115;0.598950682056663;0.639394402813886;0.641309059384482;0.548768391469664;0.611006817508151;0.603578071030024;0.631481098946499;0.595895321742248;0.579330660338761;0.612188872620791;0.618261518373438;0.601478371965687;0.570879973854073;0.561432325886991;0.56045765083546;0.55731981045806;0.545073713042778;0.54417198522002;0.536219816819317;0.565645605542108;0.548695914367556;0.591328066215199;0.603726584296532;0.61741835147745;0.602568945976577;0.582954176145596;0.619742724203996;0.569291109819872;0.574934869052516;0.612488820229287;0.610829511626036;0.64610181884654;0.606663651439771;0.592071611253197;0.601375535125272;0.611492463378388;0.604843429909277;0.605515410706385;0.636429201057777;0.601521277324745;0.62707100591716;0.584575582111618;0.62256867112101;0.569689336691856;0.575986464438939;0.610131712259372;0.599905970850964;0.608028259473346;0.627275178643656;0.600758346434847;0.593400636899519;0.551057302509039;0.554866775421425;0.585737677149794;0.550113264535615;0.564578540054382;0.58071076857204;0.578648705982181;0.58062263021353;0.56104033970276;0.614604229953574;0.529326670173593;0.577970653112113;0.546462178791169;0.556513539000404;0.525652639380713;0.54633616003479;0.537384929395593;0.516826538768985;0.539294388868305;0.545357260454396;0.621214574898785;0.565464813205908;0.571514063435069;0.568805279935348;0.618062919759632;0.559928367373044;0.493501541199275;0.48667229525992;0.455210942015026;0.521980957169343;0.478443654421308;0.51033107062046;0.469244667367797;0.505104659784407;0.457993811242909;0.464653695702196;0.483201119925338;0.454085429379372;0.441867497906392;0.438905226109709;0.444905295174893;0.418127889732182;0.446993166287016;0.447786515050781;0.410388673077331;0.423004007066224;0.403155072433646;0.406269527181837;0.408126250833889;0.401690970813673;0.388101582687339;0.391782964388835;0.379585075333281;0.388115663218233;0.378667481662592;0.380553546274793;0.372868694791492;0.352454009772923;0.357619557458958;0.348403883766415;0.345091865333379;0.34972893898976;0.33275364276428;0.340743495680692;0.322005167618452;0.3230870063903;0.316389104053705;0.297880036486019;0.290120961472683;0.286231494975838;0.280006067961165;0.271557870405115;0.262967860804446;0.261909351046006;0.248062015503876;0.247584894613583;0.245683756951117;0.240013277145991;0.237410276859975;0.232791891089529;0.228176051198563;0.227356074073037;0.219698019116221;0.212582327113063;0.201100285911733;0.19711803918928;0.192282949580508;0.190054850462425;0.188017930539113;0.183915788361466;0.229313740342372;0.178367127878209;0.17491262844922;0.171362418377169;0.169034017138406;0.168572468099483
85;0.684907010014306;0.684249906472129;0.677376171352075;0.686390532544379;0.689296468655899;0.706811145510836;0.753470919324578;0.717785555202036;0.716394716394716;0.714606111578357;0.733104238258877;0.721837807915859;0.701550387596899;0.715905947441217;0.757834757834758;0.707165824529169;0.712954110898662;0.698272138228942;0.696226817309742;0.697970740915526;0.730317273795535;0.694656488549618;0.713953488372093;0.736921681282129;0.722792607802875;0.732128184059162;0.733905579399142;0.687547941702889;0.720588235294118;0.709160305343511;0.709388303831503;0.764920828258222;0.714323962516734;0.688391485626509;0.721895074946467;0.707003546099291;0.731253420908593;0.72636695018226;0.723828737951132;0.711409395973154;0.723025048169557;0.765727391874181;0.740348870460395;0.738546603475513;0.709897610921502;0.733188195452346;0.741053677932406;0.768342951360264;0.764235294117647;0.785987748851455;0.720969289827255;0.731173864894795;0.760818517276082;0.750610394140216;0.712319931197592;0.731149120693809;0.718004338394794;0.722601932594862;0.746687864334923;0.750814814814815;0.738970588235294;0.747983870967742;0.754244364041191;0.745682888540031;0.776505513146735;0.777039274924471;0.697380472614032;0.77241554483109;0.765638963360143;0.793161434977579;0.758039476602351;0.74285158529469;0.778669183577159;0.782555582702174;0.768948935195787;0.738194973343488;0.724906367041198;0.721161048689139;0.716431924882629;0.694528068000708;0.690309506263817;0.673070017953321;0.710030745580323;0.695506931685318;0.739010356731876;0.741765149610259;0.766260162601626;0.745247148288973;0.731346191311124;0.772792706333973;0.723440134907251;0.737741935483871;0.773814519513219;0.753566260078561;0.771952479338843;0.747604446147949;0.733368164402647;0.749647887323944;0.755191256830601;0.758007776337715;0.758691588785047;0.76283888031739;0.735511607910576;0.758032526775089;0.726868327402135;0.773800157356412;0.715400696864111;0.724668661821291;0.762127512127512;0.746348833305355;0.752908405702114;0.773376740821125;0.751911049339819;0.763539410098317;0.6954240390482;0.713901783532861;0.738040070873654;0.701353921897728;0.710580040831032;0.734235384222619;0.730270610446822;0.733999524149417;0.720787072661317;0.76918500892326;0.680730185340412;0.746846949210317;0.714413965087282;0.726002430133657;0.686458333333333;0.707055214723926;0.688906897172699;0.680370584829184;0.71191135734072;0.727593699076589;0.808322645004988;0.731880435869239;0.727753391859537;0.709079550187422;0.757828165972544;0.716597228950683;0.662400401530836;0.648966165413534;0.614770660739543;0.688140941362083;0.64344062753584;0.689365841794856;0.647190326186363;0.694249164457762;0.640372995860888;0.651559291274655;0.672736393278154;0.643175209014904;0.62359854957696;0.615384615384615;0.629057700290577;0.590929535232384;0.627013222391564;0.633702827251214;0.585001440092166;0.602359705783519;0.582358267168129;0.589861427819681;0.5940967207918;0.583556364414945;0.569496222493484;0.582402004417631;0.559980928162746;0.572313121591274;0.55702779144122;0.560998094769836;0.559780828444656;0.531474545706755;0.535681546709631;0.530378152386568;0.529679038436138;0.537926106288376;0.514512006882765;0.531528066261507;0.50945457193485;0.516702168861348;0.510127000613758;0.48083771978945;0.46988479565465;0.469791733831969;0.46146390796848;0.452288228142837;0.443259480273371;0.448555702864489;0.42524800622447;0.431981324773855;0.428160642260262;0.424013976187311;0.41435401337168;0.408181315644002;0.401607448085246;0.402536231884058;0.391993609089295;0.385017512677087;0.365107364564605;0.362172498238787;0.354986974629565;0.353979238754325;0.350419369635017;0.344025635630938;0.390678749041731;0.336896776968789;0.333090989552876;0.329822303152078;0.326229277667536;0.327701805110573
90;0.792281498297389;0.790284360189573;0.782157676348548;0.802336028751123;0.804405286343612;0.82259767687434;0.86910197869102;0.835400225479143;0.83013698630137;0.838899803536346;0.857296137339056;0.849751243781095;0.826530612244898;0.847127555988315;0.883660130718954;0.843137254901961;0.849292256452956;0.832498210450966;0.834385964912281;0.83359375;0.85838779956427;0.82258064516129;0.83739837398374;0.858620689655172;0.843386243386243;0.857873210633947;0.844086021505376;0.810147299509002;0.844497607655502;0.837270341207349;0.839629915188897;0.877374784110535;0.838800374882849;0.816197183098592;0.846968238691049;0.838880484114977;0.855397148676171;0.856127886323268;0.855519480519481;0.844256518675123;0.85304347826087;0.886713286713287;0.864537444933921;0.856495468277946;0.839705882352941;0.86219401631913;0.871401151631478;0.893238434163701;0.878243512974052;0.903398926654741;0.851246775580396;0.856848609680742;0.880785413744741;0.874125874125874;0.841554559043348;0.862903225806452;0.848461538461538;0.850467289719626;0.871338912133891;0.873959571938169;0.865191146881288;0.875;0.87995469988675;0.871399176954732;0.889943074003795;0.888888888888889;0.834140435835351;0.901785714285714;0.897044804575787;0.915989159891599;0.891842346471127;0.881240544629349;0.909381663113006;0.91123595505618;0.902874132804757;0.880727272727273;0.867256637168142;0.862995298858294;0.857615894039735;0.831884057971015;0.826293872694824;0.803404722679846;0.840954274353877;0.831047723532639;0.8668430335097;0.861733203505355;0.889130434782609;0.868470149253731;0.860768672951414;0.896515311510032;0.859146341463415;0.8769987699877;0.902597402597403;0.86241610738255;0.875424688561721;0.853454821564161;0.84323971260614;0.818565400843882;0.839285714285714;0.885998469778118;0.864446165762974;0.865241635687732;0.841352405721717;0.861475409836066;0.839847991313789;0.881739130434783;0.829089128305583;0.840579710144927;0.869628550619082;0.85572468563865;0.862068965517241;0.87390263367917;0.864612511671335;0.871740662438337;0.83213141025641;0.836891545687447;0.860561914672216;0.834769576620457;0.846058091286307;0.867435158501441;0.846943537097527;0.857334525939177;0.838582677165354;0.88659793814433;0.801050175029172;0.855026929982047;0.851903597624869;0.851071692535107;0.809800664451827;0.837041884816754;0.822286541244573;0.821169772256729;0.834677419354839;0.845463609172483;0.919702602230483;0.866890380313199;0.871015023818248;0.853972798854689;0.889808917197452;0.853675213675214;0.81100167255157;0.794846050870147;0.751901389981642;0.833052276559865;0.795478683052648;0.826189078097475;0.788738479262673;0.830946098756125;0.787538034131499;0.79015899122807;0.817596566523605;0.791544632624475;0.775107961466061;0.782188841201717;0.789726947179946;0.757650723840938;0.786195472114854;0.796667800068004;0.753274919753622;0.769201877934272;0.742933377803719;0.754854161320674;0.767355085039917;0.738903170522708;0.743428615219557;0.753848582932028;0.728238098678032;0.742179881479259;0.729474633909362;0.730295394092118;0.738821619427721;0.711096636665088;0.722883637451391;0.709809964047252;0.720512244439452;0.732172518471848;0.716668404044616;0.734851387596475;0.707951902617646;0.714364419513172;0.705666923670008;0.672793165933212;0.666873244091886;0.674652397746159;0.675156494522692;0.65554343327941;0.649478563151796;0.649898003788431;0.628604304859889;0.630877769786637;0.637305524619486;0.632566266649083;0.627539143467585;0.624540755962389;0.620943235687371;0.625985445724682;0.614149318228269;0.604527938342967;0.58300384697585;0.578919686530269;0.572402438710673;0.570816435840539;0.569238140872065;0.5614822856015;0.603103426027486;0.565555849210735;0.561332827756185;0.558264820930832;0.553151523584249;0.558779087337564
95;1,00000;1,00000;1,00000;1,00000;1,00000;1,00000;1,00000;1,00000;1,00000;1,00000;1,00000;1,00000;1,00000;1,00000;1,00000;1,00000;1,00000;1,00000;1,00000;1,00000;1,00000;1,00000;1,00000;1,00000;1,00000;1,00000;1,00000;1,00000;1,00000;1,00000;1,00000;1,00000;1,00000;1,00000;1,00000;1,00000;1,00000;1,00000;1,00000;1,00000;1,00000;1,00000;1,00000;1,00000;1,00000;1,00000;1,00000;1,00000;1,00000;1,00000;1,00000;1,00000;1,00000;1,00000;1,00000;1,00000;1,00000;1,00000;1,00000;1,00000;1,00000;1,00000;1,00000;1,00000;1,00000;1,00000;1,00000;1,00000;1,00000;1,00000;1,00000;1,00000;1,00000;1,00000;1,00000;1,00000;1,00000;1,00000;1,00000;1,00000;1,00000;1,00000;1,00000;1,00000;1,00000;1,00000;1,00000;1,00000;1,00000;1,00000;1,00000;1,00000;1,00000;1,00000;1,00000;1,00000;1,00000;1,00000;1,00000;1,00000;1,00000;1,00000;1,00000;1,00000;1,00000;1,00000;1,00000;1,00000;1,00000;1,00000;1,00000;1,00000;1,00000;1,00000;1,00000;1,00000;1,00000;1,00000;1,00000;1,00000;1,00000;1,00000;1,00000;1,00000;1,00000;1,00000;1,00000;1,00000;1,00000;1,00000;1,00000;1,00000;1,00000;1,00000;1,00000;1,00000;1,00000;1,00000;1,00000;1,00000;1,00000;1,00000;1,00000;1,00000;1,00000;1,00000;1,00000;1,00000;1,00000;1,00000;1,00000;1,00000;1,00000;1,00000;1,00000;1,00000;1,00000;1,00000;1,00000;1,00000;1,00000;1,00000;1,00000;1,00000;1,00000;1,00000;1,00000;1,00000;1,00000;1,00000;1,00000;1,00000;1,00000;1,00000;1,00000;1,00000;1,00000;1,00000;1,00000;1,00000;1,00000;1,00000;1,00000;1,00000;1,00000;1,00000;1,00000;1,00000;1,00000;1,00000;1,00000;1,00000;1,00000;1,00000;1,00000;1,00000;1,00000;1,00000;1,00000;1,00000;1,00000;1,00000;1,00000;1,00000;1,00000;1,00000;1,00000;1,00000;1,00000;1,00000
